mix_id,flow_id,size,slowdown,sim
25,1339,622,1.0425867507886435,Ns3PathAll
25,1530,328,1.0828985507246376,Ns3PathAll
