mix_id,flow_id,size,slowdown,sim
25,750,185086,1.000006142128862,Ns3PathAll
25,821,40786,1.015599617773531,Ns3PathAll
